time,value,unit_of_measure
9/30/2024,75.5,ft^3/s
9/29/2024,75.9,ft^3/s
9/28/2024,77.3,ft^3/s
9/27/2024,77.7,ft^3/s
9/26/2024,78.4,ft^3/s
9/25/2024,80.4,ft^3/s
9/24/2024,82.8,ft^3/s
9/23/2024,87.5,ft^3/s
9/22/2024,90.8,ft^3/s
9/21/2024,83.2,ft^3/s
9/20/2024,82.3,ft^3/s
9/19/2024,86.7,ft^3/s
9/18/2024,96.5,ft^3/s
9/17/2024,96.9,ft^3/s
9/16/2024,87,ft^3/s
9/15/2024,81.4,ft^3/s
9/14/2024,83.3,ft^3/s
9/13/2024,89.3,ft^3/s
9/12/2024,94.8,ft^3/s
9/11/2024,97.3,ft^3/s
9/10/2024,98,ft^3/s
9/9/2024,104,ft^3/s
9/8/2024,106,ft^3/s
9/7/2024,108,ft^3/s
9/6/2024,111,ft^3/s
9/5/2024,115,ft^3/s
9/4/2024,121,ft^3/s
9/3/2024,143,ft^3/s
9/2/2024,155,ft^3/s
9/1/2024,163,ft^3/s
8/31/2024,173,ft^3/s
8/30/2024,191,ft^3/s
8/29/2024,203,ft^3/s
8/28/2024,207,ft^3/s
8/27/2024,249,ft^3/s
8/26/2024,387,ft^3/s
8/25/2024,221,ft^3/s
8/24/2024,196,ft^3/s
8/23/2024,165,ft^3/s
8/22/2024,174,ft^3/s
8/21/2024,136,ft^3/s
8/20/2024,156,ft^3/s
8/19/2024,163,ft^3/s
8/18/2024,164,ft^3/s
8/17/2024,145,ft^3/s
8/16/2024,175,ft^3/s
8/15/2024,203,ft^3/s
8/14/2024,262,ft^3/s
8/13/2024,210,ft^3/s
8/12/2024,236,ft^3/s
8/11/2024,172,ft^3/s
8/10/2024,178,ft^3/s
8/9/2024,90,ft^3/s
8/8/2024,83.7,ft^3/s
8/7/2024,84.6,ft^3/s
8/6/2024,85.3,ft^3/s
8/5/2024,83.4,ft^3/s
8/4/2024,81.5,ft^3/s
8/3/2024,83.1,ft^3/s
8/2/2024,83.5,ft^3/s
8/1/2024,86.8,ft^3/s
7/31/2024,90.3,ft^3/s
7/30/2024,93.5,ft^3/s
7/29/2024,105,ft^3/s
7/28/2024,110,ft^3/s
7/27/2024,115,ft^3/s
7/26/2024,117,ft^3/s
7/25/2024,118,ft^3/s
7/24/2024,124,ft^3/s
7/23/2024,133,ft^3/s
7/22/2024,145,ft^3/s
7/21/2024,152,ft^3/s
7/20/2024,157,ft^3/s
7/19/2024,177,ft^3/s
7/18/2024,174,ft^3/s
7/17/2024,175,ft^3/s
7/16/2024,177,ft^3/s
7/15/2024,196,ft^3/s
7/14/2024,203,ft^3/s
7/13/2024,207,ft^3/s
7/12/2024,203,ft^3/s
7/11/2024,224,ft^3/s
7/10/2024,244,ft^3/s
7/9/2024,264,ft^3/s
7/8/2024,291,ft^3/s
7/7/2024,324,ft^3/s
7/6/2024,358,ft^3/s
7/5/2024,405,ft^3/s
7/4/2024,463,ft^3/s
7/3/2024,539,ft^3/s
7/2/2024,641,ft^3/s
7/1/2024,701,ft^3/s
6/30/2024,657,ft^3/s
6/29/2024,678,ft^3/s
6/28/2024,975,ft^3/s
6/27/2024,617,ft^3/s
6/26/2024,585,ft^3/s
6/25/2024,635,ft^3/s
6/24/2024,669,ft^3/s
6/23/2024,759,ft^3/s
6/22/2024,957,ft^3/s
6/21/2024,1220,ft^3/s
6/20/2024,640,ft^3/s
6/19/2024,591,ft^3/s
6/18/2024,650,ft^3/s
6/17/2024,699,ft^3/s
6/16/2024,709,ft^3/s
6/15/2024,724,ft^3/s
6/14/2024,788,ft^3/s
6/13/2024,791,ft^3/s
6/12/2024,813,ft^3/s
6/11/2024,815,ft^3/s
6/10/2024,816,ft^3/s
6/9/2024,886,ft^3/s
6/8/2024,875,ft^3/s
6/7/2024,872,ft^3/s
6/6/2024,863,ft^3/s
6/5/2024,794,ft^3/s
6/4/2024,706,ft^3/s
6/3/2024,655,ft^3/s
6/2/2024,634,ft^3/s
6/1/2024,571,ft^3/s
5/31/2024,579,ft^3/s
5/30/2024,536,ft^3/s
5/29/2024,494,ft^3/s
5/28/2024,413,ft^3/s
5/27/2024,351,ft^3/s
5/26/2024,315,ft^3/s
5/25/2024,345,ft^3/s
5/24/2024,357,ft^3/s
5/23/2024,327,ft^3/s
5/22/2024,347,ft^3/s
5/21/2024,452,ft^3/s
5/20/2024,473,ft^3/s
5/19/2024,396,ft^3/s
5/18/2024,340,ft^3/s
5/17/2024,258,ft^3/s
5/16/2024,207,ft^3/s
5/15/2024,193,ft^3/s
5/14/2024,185,ft^3/s
5/13/2024,174,ft^3/s
5/12/2024,175,ft^3/s
5/11/2024,175,ft^3/s
5/10/2024,177,ft^3/s
5/9/2024,181,ft^3/s
5/8/2024,180,ft^3/s
5/7/2024,193,ft^3/s
5/6/2024,206,ft^3/s
5/5/2024,200,ft^3/s
5/4/2024,199,ft^3/s
5/3/2024,197,ft^3/s
5/2/2024,197,ft^3/s
5/1/2024,197,ft^3/s
4/30/2024,192,ft^3/s
4/29/2024,200,ft^3/s
4/28/2024,204,ft^3/s
4/27/2024,218,ft^3/s
4/26/2024,251,ft^3/s
4/25/2024,299,ft^3/s
4/24/2024,272,ft^3/s
4/23/2024,242,ft^3/s
4/22/2024,236,ft^3/s
4/21/2024,211,ft^3/s
4/20/2024,205,ft^3/s
4/19/2024,206,ft^3/s
4/18/2024,187,ft^3/s
4/17/2024,154,ft^3/s
4/16/2024,138,ft^3/s
4/15/2024,176,ft^3/s
4/14/2024,165,ft^3/s
4/13/2024,134,ft^3/s
4/12/2024,103,ft^3/s
4/11/2024,84.5,ft^3/s
4/10/2024,72.1,ft^3/s
4/9/2024,77.4,ft^3/s
4/8/2024,84.4,ft^3/s
4/7/2024,84.7,ft^3/s
4/6/2024,96.4,ft^3/s
4/5/2024,95.5,ft^3/s
4/4/2024,87.6,ft^3/s
4/3/2024,77.9,ft^3/s
4/2/2024,74.2,ft^3/s
4/1/2024,73,ft^3/s
3/31/2024,75.8,ft^3/s
3/30/2024,71.1,ft^3/s
3/29/2024,73.2,ft^3/s
3/28/2024,62.3,ft^3/s
3/27/2024,71.3,ft^3/s
3/26/2024,70.8,ft^3/s
3/25/2024,74.1,ft^3/s
3/24/2024,77.2,ft^3/s
3/23/2024,73.9,ft^3/s
3/22/2024,71.9,ft^3/s
3/21/2024,70.4,ft^3/s
3/20/2024,67.9,ft^3/s
3/19/2024,67.3,ft^3/s
3/18/2024,64.7,ft^3/s
3/17/2024,64.3,ft^3/s
3/16/2024,64.3,ft^3/s
3/15/2024,63.3,ft^3/s
3/14/2024,62.9,ft^3/s
3/13/2024,57,ft^3/s
3/12/2024,54.6,ft^3/s
3/11/2024,55.4,ft^3/s
3/10/2024,53.2,ft^3/s
3/9/2024,52.6,ft^3/s
3/8/2024,54.9,ft^3/s
3/7/2024,54.8,ft^3/s
3/6/2024,54.2,ft^3/s
3/5/2024,55.3,ft^3/s
3/4/2024,59.6,ft^3/s
3/3/2024,59.9,ft^3/s
3/2/2024,60.8,ft^3/s
3/1/2024,60.5,ft^3/s
2/29/2024,61,ft^3/s
2/28/2024,50.1,ft^3/s
2/27/2024,60.7,ft^3/s
2/26/2024,59.4,ft^3/s
2/25/2024,58.7,ft^3/s
2/24/2024,56.8,ft^3/s
2/23/2024,56,ft^3/s
2/22/2024,56.9,ft^3/s
2/21/2024,57.5,ft^3/s
2/20/2024,56.9,ft^3/s
2/19/2024,57.4,ft^3/s
2/18/2024,55.6,ft^3/s
2/17/2024,56,ft^3/s
2/16/2024,58.7,ft^3/s
2/15/2024,58.9,ft^3/s
2/14/2024,59.8,ft^3/s
2/13/2024,56.1,ft^3/s
2/12/2024,51.3,ft^3/s
2/11/2024,50.1,ft^3/s
2/10/2024,53.9,ft^3/s
2/9/2024,55.4,ft^3/s
2/8/2024,56.4,ft^3/s
2/7/2024,56.5,ft^3/s
2/6/2024,56.6,ft^3/s
2/5/2024,57.4,ft^3/s
2/4/2024,52.3,ft^3/s
2/3/2024,56.6,ft^3/s
2/2/2024,57.2,ft^3/s
2/1/2024,55.3,ft^3/s
1/31/2024,55.9,ft^3/s
1/30/2024,55.9,ft^3/s
1/29/2024,56.1,ft^3/s
1/28/2024,53.3,ft^3/s
1/27/2024,51.9,ft^3/s
1/26/2024,55.2,ft^3/s
1/25/2024,55.6,ft^3/s
1/24/2024,56.4,ft^3/s
1/23/2024,56.9,ft^3/s
1/22/2024,58.9,ft^3/s
1/21/2024,61.6,ft^3/s
1/20/2024,61.9,ft^3/s
1/19/2024,57.9,ft^3/s
1/18/2024,68.2,ft^3/s
1/17/2024,53.8,ft^3/s
1/16/2024,48.5,ft^3/s
1/15/2024,62,ft^3/s
1/14/2024,61.9,ft^3/s
1/13/2024,60.3,ft^3/s
1/12/2024,44.2,ft^3/s
1/11/2024,54.4,ft^3/s
1/10/2024,56.3,ft^3/s
1/9/2024,38.5,ft^3/s
1/8/2024,52.4,ft^3/s
1/7/2024,55.1,ft^3/s
1/6/2024,54.8,ft^3/s
1/5/2024,58.4,ft^3/s
1/4/2024,62.7,ft^3/s
1/3/2024,44.7,ft^3/s
1/2/2024,48.4,ft^3/s
1/1/2024,54.8,ft^3/s
12/31/2023,61.1,ft^3/s
12/30/2023,65.6,ft^3/s
12/29/2023,35.8,ft^3/s
12/28/2023,31.1,ft^3/s
12/27/2023,31.4,ft^3/s
12/26/2023,30.4,ft^3/s
12/25/2023,50.9,ft^3/s
12/24/2023,65.2,ft^3/s
12/23/2023,65.4,ft^3/s
12/22/2023,63,ft^3/s
12/21/2023,65.4,ft^3/s
12/20/2023,69.5,ft^3/s
12/19/2023,72.3,ft^3/s
12/18/2023,64.4,ft^3/s
12/17/2023,55.7,ft^3/s
12/16/2023,57.3,ft^3/s
12/15/2023,63,ft^3/s
12/14/2023,66.9,ft^3/s
12/13/2023,68,ft^3/s
12/12/2023,71,ft^3/s
12/11/2023,65.7,ft^3/s
12/10/2023,55.7,ft^3/s
12/9/2023,49.1,ft^3/s
12/8/2023,64.3,ft^3/s
12/7/2023,62,ft^3/s
12/6/2023,59,ft^3/s
12/5/2023,63.7,ft^3/s
12/4/2023,67.3,ft^3/s
12/3/2023,70.8,ft^3/s
12/2/2023,70.4,ft^3/s
12/1/2023,73.8,ft^3/s
11/30/2023,65.3,ft^3/s
11/29/2023,45.2,ft^3/s
11/28/2023,32.3,ft^3/s
11/27/2023,35.6,ft^3/s
11/26/2023,57.1,ft^3/s
11/25/2023,68.8,ft^3/s
11/24/2023,69.8,ft^3/s
11/23/2023,68.4,ft^3/s
11/22/2023,66.4,ft^3/s
11/21/2023,67.4,ft^3/s
11/20/2023,75.5,ft^3/s
11/19/2023,74.2,ft^3/s
11/18/2023,71,ft^3/s
11/17/2023,73.5,ft^3/s
11/16/2023,74.6,ft^3/s
11/15/2023,72.4,ft^3/s
11/14/2023,72.1,ft^3/s
11/13/2023,72,ft^3/s
11/12/2023,69.9,ft^3/s
11/11/2023,70.6,ft^3/s
11/10/2023,70.3,ft^3/s
11/9/2023,72.9,ft^3/s
11/8/2023,76.5,ft^3/s
11/7/2023,77.4,ft^3/s
11/6/2023,77.8,ft^3/s
11/5/2023,78.5,ft^3/s
11/4/2023,78.3,ft^3/s
11/3/2023,79.2,ft^3/s
11/2/2023,76.6,ft^3/s
11/1/2023,75.9,ft^3/s
10/31/2023,73,ft^3/s
10/30/2023,73,ft^3/s
10/29/2023,84.5,ft^3/s
10/28/2023,84,ft^3/s
10/27/2023,76.3,ft^3/s
10/26/2023,75,ft^3/s
10/25/2023,75.8,ft^3/s
10/24/2023,75.6,ft^3/s
10/23/2023,75.8,ft^3/s
10/22/2023,76.5,ft^3/s
10/21/2023,76.5,ft^3/s
10/20/2023,75.9,ft^3/s
10/19/2023,75.7,ft^3/s
10/18/2023,75.3,ft^3/s
10/17/2023,76.7,ft^3/s
10/16/2023,77.7,ft^3/s
10/15/2023,77.8,ft^3/s
10/14/2023,78.2,ft^3/s
10/13/2023,79.4,ft^3/s
10/12/2023,79.7,ft^3/s
10/11/2023,81.3,ft^3/s
10/10/2023,80.7,ft^3/s
10/9/2023,79.7,ft^3/s
10/8/2023,80.6,ft^3/s
10/7/2023,81.2,ft^3/s
10/6/2023,82.5,ft^3/s
10/5/2023,83.4,ft^3/s
10/4/2023,85.4,ft^3/s
10/3/2023,93.4,ft^3/s
10/2/2023,87,ft^3/s
10/1/2023,75.7,ft^3/s
